term,estimate,std.error,statistic,p.value
TLyes:post_treat,0.05004531794755336,0.010641420396473271,4.702879510722003,2.5784714405588123e-6
