term,estimate,std.error,statistic,p.value
TLyes:post_treat,0.05004531794754291,0.01998971865862983,2.503552891472921,0.01230146900917377
