TLyes,post_treat,Employment Rate
0,0,0.1917808219178082
0,1,0.42992082233643564
1,0,0.21156156156156156
1,1,0.4922737306843267
